Neurones,Essais,Taux,Erreur,Moyenne
150,100000,0.003, 0.01012157  0.01195359  0.01051424  0.01141641  0.03039889,0.01488094
100,100000,0.005, 0.01188314  0.01099559  0.01055116  0.01025825  0.03421082,0.015579792
125,100000,0.005, 0.01833417  0.02154571  0.02713909  0.01963099  0.02885334,0.023100660000000002
150,100000,0.005, 0.02155302  0.02517252  0.02887592  0.03288162  0.02772716,0.027242047999999998
12,1000000,0.005, 0.05582303  0.05688305  0.05607484  0.05707618  0.01046514,0.047264448
100,10000,0.006, 0.03979447  0.04650305  0.03858401  0.05813866  0.05377336,0.04735871
12,100000,0.01, 0.05890218  0.05953879  0.05793096  0.05972684  0.04058122,0.055335998
100,10000,0.005, 0.05254614  0.06132752  0.06261032  0.05717892  0.05654322,0.05804122399999999
68,10000,0.007, 0.05714294  0.06499995  0.0619779   0.05842452  0.05121067,0.058751196000000006
10,100000,0.005, 0.06907531  0.06196302  0.06219664  0.06848143  0.03213435,0.05877015
100,10000,0.005, 0.06421025  0.05592977  0.05119793  0.0588708   0.06371284,0.058784318
20,100000,0.015, 0.06643916  0.06918057  0.06736196  0.06847776  0.02360808,0.05901350599999999
100,10000,0.006, 0.05420976  0.06268964  0.05973609  0.06889204  0.05573817,0.06025314
65,10000,0.008, 0.07563757  0.06502323  0.04712975  0.05636539  0.05804518,0.060440224
80,10000,0.005, 0.05727402  0.05142146  0.06576974  0.07041633  0.05925861,0.060828032
50,10000,0.01, 0.06090683  0.06056611  0.06641728  0.05966507  0.05756982,0.061025022
50,10000,0.008, 0.06091311  0.06433741  0.06555952  0.06531909  0.05715499,0.06265682400000001
100,10000,0.005, 0.05353919  0.06346756  0.07375749  0.06029282  0.0635893 ,0.06292927200000001
15,10000,0.015, 0.06671632  0.06364643  0.06956864  0.07217227  0.04879838,0.064180408
25,10000,0.01, 0.07100328  0.06423615  0.06576029  0.07617433  0.04759783,0.06495437600000001
50,10000,0.005, 0.07745523  0.0596608   0.06086007  0.07398064  0.06155986,0.06670332
50,10000,0.005, 0.0682217   0.07046846  0.06533134  0.07131708  0.0600229 ,0.067072296
12,10000,0.02, 0.07232611  0.06968448  0.07083598  0.07276951  0.05577541,0.068278298
60,10000,0.005, 0.07002103  0.06265059  0.07731834  0.06104823  0.07065598,0.06833883399999999
25,10000,0.01,0.07421286  0.07198119  0.07377387  0.07103666  0.05272796,0.06874650800000001
50,10000,0.004, 0.06805006  0.06481278  0.07575163  0.07637577  0.06058405,0.069114858
44,10000,0.005, 0.08174973  0.06651232  0.06523428  0.07257683  0.06328814,0.06987225999999999
26,10085,0.008, 0.07738914  0.07127037  0.07506034  0.06865978  0.05797497,0.07007092000000001
150,10000,0.001, 0.06957245  0.06823406  0.06881202  0.08328021  0.06932367,0.071844482
15,10000,0.01, 0.07093697  0.07339097  0.07793545  0.08287201  0.0562478 ,0.07227664
60,10000,0.01, 0.07410277  0.07335972  0.0721481   0.07937391  0.06311543,0.07241998599999999
20,10000,0.005, 0.07076471  0.07700852  0.07739604  0.07824579  0.05907877,0.07249876599999999
20,10000,0.005, 0.07536347  0.07391733  0.08193352  0.07466705  0.05787406,0.07275108599999999
50,10000,0.002, 0.07621239  0.06852836  0.07632728  0.07850697  0.06726674,0.073368348
80,10000,0.002, 0.07291744  0.07296134  0.07935777  0.07383517  0.06779394,0.073373132
13,10000,0.01, 0.08579537  0.07211919  0.07674962  0.08073775  0.05390315,0.073861016
20,10000,0.005, 0.07069753  0.08001113  0.07312204  0.08047169  0.06743563,0.074347604
10,10000,0.01, 0.08780732  0.07609738  0.07743659  0.07329525  0.06677914,0.076283136
50,10000,0.002, 0.08781357  0.08069688  0.08324401  0.06694931  0.06276145,0.07629304399999999
100,10000,0.008, 0.06887743  0.07932166  0.0702405   0.11866056  0.04512044,0.076444118
100,10000,0.002, 0.0755671   0.0688755   0.08614764  0.07780475  0.0756979 ,0.076818578
100,10000,0.001, 0.07751695  0.07270748  0.0942768   0.07600211  0.0658211 ,0.077264888
150,10000,0.001, 0.08654622  0.08357046  0.06890862  0.08274582  0.07367914,0.079090052
10,10000,0.008, 0.09430502  0.07881229  0.08392259  0.0837212   0.06195911,0.080544042
14,10000,0.008, 0.09488879  0.07856382  0.08910014  0.07965971  0.06298651,0.081039794
100,10000,0.001, 0.09751426  0.06920391  0.07161509  0.10574908  0.06477915,0.081772298
100,10000,0.006, 0.06658637  0.06073257  0.15499066  0.05740582  0.06918492,0.081780068
250,10000,0.001, 0.06813063  0.12046383  0.10157799  0.06288521  0.06671875,0.083955282
100,10000,0.01, 0.06668115  0.10936797  0.13935914  0.06402083  0.04195548,0.08427691400000001
50,10000,0.01, 0.10526136  0.07801086  0.10061503  0.08379824  0.05485318,0.08450773399999999
100,10000,0.001, 0.09772105  0.0715529   0.09044509  0.10060835  0.06523536,0.08511255000000001
15,10000,0.02, 0.09299588  0.08758389  0.0992512   0.09654927  0.04961688,0.085199424
80,10000,0.01, 0.10047818  0.07968325  0.07994255  0.11402756  0.05321538,0.08546938400000001
50,1000,0.01, 0.08811958  0.07649154  0.0828116   0.09642145  0.08443196,0.085655226
50,10000,0.001, 0.11019116  0.07507493  0.08560565  0.09322859  0.06775311,0.086370688
100,1000,0.005, 0.10200661  0.08569747  0.08716639  0.08707131  0.07012123,0.086412602
100,10000,0.001, 0.09128105  0.08287435  0.08328145  0.10254787  0.07361817,0.086720578
50,1000,0.01, 0.10249903  0.08422567  0.08974614  0.07773851  0.08133535,0.08710894
100,10000,0.001, 0.08789331  0.09313159  0.07297505  0.09892689  0.08290865,0.087167098
50,1000,0.01, 0.09394559  0.09287044  0.10173933  0.07207332  0.07676112,0.08747796
25,1000,0.02, 0.09378278  0.07936362  0.09102387  0.10356119  0.07199864,0.08794602
12,10000,0.02, 0.10006346  0.09795872  0.10236929  0.09739384  0.04666203,0.088889468
80,1000,0.0054, 0.10149138  0.08729406  0.08003017  0.11563025  0.0606464 ,0.089018452
50,10000,0.001, 0.08974435  0.09358491  0.07199236  0.0975669   0.09234421,0.089046546
40,1000,0.01, 0.10483167  0.07573858  0.11198635  0.07061458  0.08582527,0.08979929
25,10000,0.002, 0.11705064  0.08245765  0.08630321  0.10245076  0.06744802,0.091142056
70,1000,0.005, 0.09523759  0.08759919  0.08201483  0.10306082  0.08784854,0.09115219399999999
50,10000,0.001, 0.08631542  0.09596443  0.09160084  0.09939757  0.08444688,0.091545028
20,1000,0.02," 0.08025358,0.0963495, 0.0999338, 0.10596967,0.07531733",0.09156477600000001
40,1000,0.01, 0.11012369  0.07875071  0.09473179  0.10448882  0.07737358,0.09309371799999999
30,1000,0.01, 0.07294669  0.08864938  0.0874767   0.1167815   0.10063671,0.093298196
40,1000,0.01, 0.08848551  0.09660769  0.09469624  0.10524916  0.08358515,0.09372475
20,1000,0.02, 0.12251273  0.08027642  0.09119089  0.09705882  0.07789627,0.093787026
50,1000,0.01, 0.08700036  0.07327027  0.10878949  0.12000614  0.08276949,0.09436715
20,1000,0.01, 0.10531742  0.08501756  0.08271888  0.09128777  0.11019047,0.09490641999999999
50,1000,0.01, 0.11775663  0.08777055  0.10175911  0.09144522  0.07593043,0.094932388
12,10000,0.02, 0.11134483  0.10577928  0.10498889  0.11123435  0.04505163,0.095679796
50,1000,0.01, 0.09891066  0.10629354  0.09050224  0.10164214  0.08221515,0.09591274600000001
30,10000,0.02, 0.10287228  0.1023159   0.10213351  0.11562847  0.05865113,0.09632025799999999
100,10000,0.008, 0.14956137  0.12413616  0.08684532  0.07168008  0.05042628,0.09652984199999999
50,1000,0.01, 0.09315155  0.10834591  0.10946873  0.11272048  0.06034372,0.096806078
50,1000,0.01, 0.12635889  0.09185264  0.09812191  0.0888073   0.08282792,0.097593732
40,1000,0.008, 0.10496329  0.11486441  0.08266579  0.09247722  0.09966117,0.09892637600000001
25,10000,0.001, 0.09794654  0.10040762  0.08517555  0.09063412  0.12201893,0.09923655199999999
80,1000,0.004," 0.07346658,0.08475415,0.10062861,0.12528062,0.11233917",0.099293826
140,10000,0.007, 0.06721775  0.08326096  0.17076705  0.11677105  0.06117842,0.09983904600000001
35,10000,0.001, 0.10590722  0.08326347  0.10144653  0.10968329  0.09998479,0.10005706
65,10000,0.02, 0.10402271  0.11837929  0.11070615  0.12116424  0.0487194 ,0.10059835799999998
100,10000,0.0075, 0.06928472  0.11250556  0.09498011  0.17802018  0.05677218,0.10231254999999999
40,1000,0.008, 0.08729971  0.1124435   0.09689155  0.10454422  0.11041191,0.10231817799999998
100,10000,0.007, 0.17097517  0.0606175   0.14871072  0.07693223  0.06080547,0.103608218
100,1000,0.003, 0.09961518  0.11275202  0.10157415  0.11250502  0.09373104,0.10403548200000001
140,10000,0.008, 0.14186205  0.08280219  0.1483305   0.09653211  0.0521905 ,0.10434347
100,1000,0.005," 0.10801816,0.09145845,0.11512593,0.1043735, 0.10307171",0.10440955
10,1000,0.02, 0.10883762  0.09996741  0.09790677  0.12271941  0.09310861,0.104507964
15,10000,0.02, 0.12408158  0.11223857  0.13176347  0.11727423  0.04012484,0.105096538
10,1000,0.021, 0.1096493   0.09461729  0.10238416  0.11099644  0.1100901 ,0.10554745800000001
150,10000,0.01, 0.1740996   0.07830229  0.12433047  0.11018322  0.04655672,0.10669446
8,10000,0.02, 0.12715536  0.11812902  0.12143583  0.12612725  0.05202308,0.108974108
80,6540,0.024, 0.11838023  0.12719666  0.10406639  0.15456886  0.04688739,0.110219906
50,1000,0.005, 0.12404162  0.09672944  0.11895836  0.10335822  0.10957791,0.11053310999999999
90,1000,0.005, 0.07804616  0.11240758  0.09325051  0.16145194  0.11015857,0.11106295199999998
9,1000,0.0154, 0.11516431  0.10435473  0.11743006  0.11932136  0.1109695 ,0.113447992
40,1000,0.005, 0.09605194  0.12425063  0.09774919  0.12342233  0.14715176,0.11772517
100,10000,0.01, 0.18663219  0.09609677  0.10509972  0.14575355  0.05831506,0.118379458
25,1000,0.01, 0.11791982  0.11728957  0.10172183  0.10574572  0.15211904,0.118959196
62,1000,0.01, 0.16583474  0.11282492  0.12743209  0.12041707  0.07750843,0.12080344999999999
24,1000,0.006, 0.10205906  0.11677654  0.11131848  0.11252377  0.19326569,0.12718870799999998
20,10000,0.001, 0.10927909  0.10259965  0.11118961  0.11294586  0.20237417,0.127677676
60,10000,0.0005, 0.11050596  0.08957728  0.12486795  0.13680876  0.18088959,0.12852990800000003
40,1000,0.005, 0.12014473  0.11279563  0.10668518  0.09874987  0.2324593 ,0.134166942
10,1500,0.01, 0.11539446  0.11406649  0.11483243  0.11527108  0.23206772,0.138326436
150,10000,0.0001, 0.11198104  0.14928748  0.10951115  0.15348032  0.17320608,0.139493214
20,1000,0.008, 0.12156171  0.10136077  0.10640397  0.13817814  0.24314635,0.14213018800000002
40,1000,0.006, 0.09581747  0.11299657  0.11777983  0.09736074  0.29814857,0.144420636
150,10000,0.0001," 0.14715211,0.1166791, 0.11509401,0.19360655,0.15399737",0.14530582799999997
15,10000,0.001, 0.12862989  0.10958064  0.12829708  0.10855111  0.26611032,0.148233808
10,1000,0.01, 0.13694857  0.12793332  0.12882853  0.16338596  0.22646498,0.15671227199999999
30,1000,0.005, 0.13841225  0.08404146  0.14549955  0.10740026  0.32660853,0.16039240999999999
50,1000,0.02, 0.2062451   0.15228697  0.19192343  0.18735409  0.06454099,0.160470116
40,10000,0.0004, 0.1273189   0.19310988  0.09081426  0.12221642  0.27047633,0.16078715799999999
95,10000,0.04584, 0.1961796   0.18626015  0.19141049  0.20759389  0.03128211,0.16254524800000003
25,10000,0.04, 0.19911027  0.19049564  0.19594895  0.18798844  0.04712954,0.164134568
10,1000,0.01, 0.12816377  0.15032143  0.10607498  0.12619668  0.34401506,0.170954384
60,1000,0.01, 0.24099128  0.11771366  0.21780572  0.19215638  0.09438331,0.17261007
60,1000,0.01, 0.35526419  0.07621496  0.22543038  0.11497213  0.09313581,0.173003494
150,1000,0.001, 0.11947746  0.12705139  0.18419667  0.19915029  0.2370818 ,0.173391522
50,1600,0.005, 0.10515014  0.08639175  0.07988387  0.08679938  0.51923382,0.17549179199999998
10,10000,0.05, 0.21552223  0.21272965  0.21361075  0.21372473  0.03572163,0.178261798
60,1000,0.01, 0.31352248  0.08120728  0.29173333  0.14322439  0.06361052,0.17865959999999997
50,120,0.01, 0.21032174  0.08806842  0.19784405  0.09173392  0.33716389,0.185026404
15,1000,0.01, 0.12800506  0.12566909  0.12943402  0.13140242  0.41563599,0.18602931600000003
15,10000,0.05, 0.22561898  0.22679506  0.22726998  0.23283658  0.03767482,0.19003908399999997
40,10000,0.05, 0.23749172  0.2355603   0.22270735  0.22266833  0.03982089,0.191649718
75,1000,0.01, 0.15523402  0.33181411  0.15620274  0.24939117  0.07026108,0.192580624
4,10000,0.02, 0.23127093  0.22342518  0.22583844  0.23235401  0.08207333,0.19899237799999997
50,1000,0.001, 0.18529841  0.15784066  0.12215797  0.11210064  0.43431812,0.20234316
150,1000,0.001, 0.22807424  0.23756293  0.14404662  0.23826262  0.18549836,0.206688954
10,1000,0.01, 0.16173715  0.13548325  0.15171618  0.15347628  0.44967373,0.21041731800000002
15,10000,0.05, 0.25708307  0.25435559  0.25439975  0.2526597   0.03893261,0.211486144
10,10000,0.001, 0.12755472  0.13643059  0.13559129  0.15834071  0.50077971,0.21173940400000002
10,10000,0.001, 0.11824771  0.18905461  0.13262799  0.16525795  0.45952025,0.212941702
80,1000,0.0154, 0.34084165  0.20463407  0.11823042  0.38725362  0.05879906,0.221951764
70,1000,0.001, 0.10680222  0.19662696  0.13897572  0.17178031  0.49661032,0.22215910600000002
10,1000,0.01, 0.1384903   0.12405402  0.14005685  0.14111028  0.57431433,0.223605156
10,1000,0.04," 0.26694751,0.25613678,0.27006757,0.26908956,0.05945081",0.22433844600000002
12,1000,0.05," 0.25499721,0.25990688,0.25126258,0.28440282,0.07774959",0.22566381600000002
100,10000,0.0001, 0.10339191  0.09097584  0.1148053   0.12189265  0.70910145,0.22803342999999998
10,1000,0.05, 0.29070462  0.26717911  0.2627522   0.26138099  0.07376299,0.23115598200000004
3,10000,0.02, 0.27093888  0.26503519  0.26188488  0.27092934  0.08751065,0.23125978800000002
10,1000,0.01, 0.11978572  0.11825741  0.10580413  0.17962097  0.63681015,0.23205567599999996
15,1000,0.005, 0.15462429  0.18845976  0.15782472  0.1666993   0.49297424,0.23211646200000002
10,1000,0.05, 0.30456469  0.2743152   0.27180474  0.27218446  0.07138234,0.238850286
6,10000,0.001, 0.16264043  0.16260617  0.15927946  0.15136153  0.57087629,0.241352776
18,1000,0.054, 0.2875624   0.26874633  0.27000636  0.29113046  0.08949233,0.241387576
20,1000,0.05," 0.28381315,0.30003588,0.28776994,0.27577979,0.06324548",0.24212884799999998
2,10000,0.01, 0.17038323  0.15750974  0.15345188  0.1589197   0.58131137,0.24431518400000002
2,10000,0.01, 0.17122571  0.15806962  0.16664127  0.16478467  0.56203203,0.24455065999999998
100,1000,0.001, 0.17228072  0.1089478   0.16887731  0.10054464  0.68036756,0.246203606
20,1000,0.05," 0.27139094,0.27141812,0.31588922,0.30442035,0.07309887",0.2472435
40,2100,0.04085, 0.28401403  0.28470294  0.29385009  0.31378631  0.06410657,0.248091988
30,1000,0.04," 0.32078502,0.28785118,0.27532534,0.28778785,0.07083793",0.248517464
200,1000,0.001, 0.46342446  0.23499764  0.15455657  0.19700161  0.21729923,0.253455902
30,1000,0.05," 0.27017266,0.22898663,0.30949999,0.38659587,0.07664515",0.25438006
8,1000,0.05," 0.33453949,0.28692023,0.28598333,0.3027265, 0.08064951",0.258163812
14,10000,0.08, 0.31416193  0.31849054  0.32007886  0.3231137   0.03280865,0.26173073599999996
60,1000,0.001, 0.1392724   0.10747625  0.1763629   0.20240772  0.68746296,0.262596446
25,1000,0.04, 0.32334704  0.31657455  0.31528829  0.27352749  0.08949528,0.26364653
80,1000,0.02, 0.11502046  0.44406135  0.40016844  0.29063852  0.08411751,0.26680125600000004
50,1000,0.05," 0.3227603, 0.30944234,0.28396047,0.31087253,0.11039917",0.267486962
50,1000,0.003," 0.09254866,0.07949693,0.12578102,0.09868852,0.94251592",0.26780621
40,1000,0.05," 0.29386151,0.28548454,0.31386166,0.36250534,0.08384672",0.267911954
10,1000,0.05, 0.29819695  0.31971786  0.32630978  0.32802617  0.07498522,0.269447196
100,1000,0.001, 0.18836178  0.10688471  0.24102414  0.14607587  0.68166402,0.272802104
40,1000,0.05," 0.31333601,0.32959723,0.30339204,0.34463329,0.07517919",0.273227552
10,1000,0.01, 0.1495977   0.12639381  0.12202776  0.15099672  0.82232527,0.274268252
50,1000,0.001, 0.1660691   0.11789228  0.18936454  0.15973262  0.74237537,0.275086782
40,1000,0.05, 0.38746135  0.2989394   0.28603257  0.32527976  0.10048404,0.27963942399999997
20,1000,0.05," 0.35385532,0.33289611,0.34402515,0.32493946,0.04303897",0.27975100199999997
25,1000,0.05, 0.28515724  0.35697871  0.33485464  0.35794911  0.07415624,0.28181918799999994
50,1000,0.001, 0.35747925  0.1324131   0.12229087  0.14948942  0.64827726,0.28198998
30,1000,0.05," 0.29600111,0.35941086,0.29903991,0.3874183, 0.07137837",0.28264971
50,1000,0.001, 0.40566095  0.16191468  0.16728618  0.17457361  0.50700461,0.283288006
10,10000,0.001, 0.13304438  0.10627315  0.11482304  0.13938809  0.9464918 ,0.288004092
40,1000,0.05," 0.41244692,0.29834113,0.32351517,0.33122204,0.08472595",0.290050242
10,1000,0.01, 0.13752795  0.13068698  0.12726759  0.14603454  0.91398567,0.291100546
40,1000,0.05, 0.30265954  0.39143578  0.31454799  0.35623514  0.09266424,0.291508538
30,1000,0.05," 0.37300568,0.31796214,0.32680043,0.38949576,0.06240738",0.293934278
40,1000,0.05," 0.35386357,0.42035358,0.27868116,0.33763487,0.10386638",0.29887991199999997
80,1000,0.008, 0.42697313  0.36127366  0.36926059  0.28231491  0.07186814,0.302338086
80,1000,0.02, 0.61248098  0.3785572   0.24202106  0.22150021  0.06042627,0.302997144
10,1000,0.008, 0.16730892  0.18420739  0.13235966  0.15797837  0.87965811,0.30430249
10,1000,0.01, 0.15709518  0.12362003  0.12860106  0.18339438  0.96175092,0.310892314
10,1000,0.01, 0.13599903  0.21621268  0.20585851  0.14646244  0.85814185,0.312534902
80,1000,0.05, 0.32478957  0.42036623  0.33755037  0.35810538  0.12639145,0.3134406
40,1000,0.05," 0.40277288,0.39684042,0.37463144,0.35081128,0.06413265",0.317837734
50,1000,0.001, 0.1373073   0.38745554  0.18732154  0.14202776  0.74956903,0.320736234
10,8090,0.084321, 0.39183673  0.39294069  0.39631881  0.40257601  0.04758026,0.3262505
50,1000,0.001, 0.13103279  0.09765904  0.25533602  0.3683789   0.77962731,0.326406812
50,1000,0.05," 0.39023902,0.40474354,0.34555995,0.39591167,0.10968521",0.32922787800000003
50,1000,0.05, 0.3894615   0.35684666  0.49477417  0.42998504  0.08697289,0.351608052
13,10000,0.1, 0.42555045  0.43048321  0.43045729  0.43571762  0.04490521,0.35342275600000006
10,10000,0.001, 0.1684954   0.12537231  0.1257737   0.12520301  1.26705307,0.362379498
600,1000,0.001, 0.33866554  0.48760071  0.4041455   0.40608376  0.18666961,0.36463302400000003
40,1000,0.084, 0.41013288  0.42664202  0.44419715  0.43775843  0.12548581,0.36884325799999995
10,1000,0.004," 0.20665419,0.24403022,0.24220843,0.29069896,0.8874145 ",0.37420126
90,1000,0.05415, 0.38759534  0.47637569  0.44993371  0.46611358  0.12433093,0.38086985
30,1000,0.001, 0.3003961   0.2632667   0.23271598  0.36782918  0.74414796,0.381671184
100,1000,0.001, 0.19739384  0.16026354  0.11236915  0.35931674  1.09435553,0.38473976000000004
100,1000,0.001, 0.09495184  0.12943801  0.10481336  0.21204465  1.3850603 ,0.38526163199999997
70,1000,0.045, 0.45355828  0.45314466  0.44872186  0.46972849  0.10987705,0.387006068
10,1000,0.005, 0.21884009  0.16386156  0.1594503   0.20316961  1.19757118,0.388578548
15,1000,0.1, 0.47696635  0.45660228  0.48685821  0.47815348  0.04781839,0.389279742
50,1000,0.001, 0.25577919  0.66961088  0.2039195   0.22831938  0.64493913,0.400513616
90,1000,0.02415, 0.5186661   0.34356626  0.61671888  0.41981493  0.1235185 ,0.404456934
10,1000,0.1, 0.49590548  0.46774674  0.47353073  0.49046163  0.09918942,0.4053668
10,1000,0.1,0.47944564  0.4754609   0.48396724  0.48584714  0.12115745,0.409175674
50,1000,0.001, 0.13452946  0.12579921  0.11232065  0.23509071  1.45894144,0.41333629399999994
150,2000,0.02, 0.8255684   0.34852634  0.16634663  0.66640808  0.09718383,0.420806656
5,1000,0.01, 0.17368453  0.16915417  0.17393243  0.19701384  1.40554571,0.423866136
3,10000,0.05, 0.48827217  0.48585014  0.47875298  0.49414392  0.1744314 ,0.42429012200000005
50,1000,0.001, 0.18440505  0.17741468  0.17586788  0.1915927   1.43502335,0.43286073199999997
90,1000,0.0211, 0.26810457  0.65613009  0.6411151   0.53841909  0.06253528,0.43326082600000004
80,1000,0.0101, 0.50623372  0.53877275  0.56967193  0.48669281  0.07792115,0.43585847200000005
10,300,0.08, 0.52029575  0.5139719   0.54989887  0.56397859  0.08884134,0.44739728999999995
60,1000,0.001, 0.26529075  0.30215612  0.18781939  0.11079634  1.42099685,0.45741189000000004
100,10000,0.0001, 0.11176057  0.16285259  0.90801061  0.12058912  1.07677757,0.47599809200000004
4,1000,0.008, 0.24184024  0.23514776  0.23771645  0.23904891  1.53377606,0.49750588400000006
50,1000,0.001, 0.15221628  0.24376227  0.19761807  0.10994879  1.79461045,0.49963117199999996
10,1000,0.005, 0.28257125  0.14069816  0.17398339  0.15941037  1.7527313 ,0.5018788940000001
70,1000,0.05," 0.60697145,0.52138144,0.72797976,0.57329789,0.10989463",0.507905034
40,1000,0.001, 0.5946898   0.27577526  0.22175707  0.38704911  1.18166732,0.532187712
50,1000,0.001, 0.26947915  0.17871468  0.19352818  0.21610282  1.80742851,0.533050668
100,1000,0.007, 0.3745808   0.4786252   0.8588831   0.91003034  0.08240699,0.540905286
3,1000,0.01, 0.26012994  0.28260307  0.26097154  0.28681462  1.63123482,0.544350798
15,100,0.02, 0.30736373  0.25995625  0.28016544  0.14440094  1.78706055,0.555789382
40,1000,0.001, 0.14133642  0.33948742  0.30444743  0.20052037  2.2346868 ,0.6440956879999999
15,1000,0.001, 0.5126624   0.33721479  0.7285354   0.40574443  1.2596595 ,0.648763304
20,1000,0.001, 0.32422904  0.82923978  0.48164243  0.33150063  1.3233794 ,0.6579982560000001
60,1000,0.001, 0.38315468  0.73024685  0.22438369  0.34179728  1.64569115,0.6650547299999999
100,1000,0.001, 0.19854457  0.23173713  0.16599375  0.15555591  2.7509016 ,0.700546592
10,5000,0.0005, 0.56506776  0.7198638   0.51971233  0.47927938  1.41689693,0.74016404
105,1000,0.02, 0.8770874   0.8748715   1.00543648  0.83940436  0.10435483,0.7402309140000001
35,1000,0.001, 0.2263481   0.17735749  0.23495001  0.22251504  3.09009225,0.790252578
40,1000,0.008, 0.11282548  0.08315418  0.11882922  0.11280703  3.62484361,0.810491904
40,1000,0.005, 0.14027894  0.09834297  0.10542308  0.12846124  3.7112772 ,0.836756686
100,1000,0.002, 0.13354901  0.14018539  0.12775168  0.11339685  3.71091979,0.845160544
90,1000,0.01, 0.92895657  0.93655398  1.59898249  0.76412808  0.05707184,0.8571385919999999
100,1000,0.001, 0.13437506  0.18032603  0.15835829  0.13402179  3.71574077,0.864564388
70,1000,0.008, 0.12740353  0.20816273  0.0767755   0.40659026  3.58491953,0.88077031
4,60,0.1, 0.91756156  0.94827719  0.88869822  0.93227917  0.92110875,0.921584978
100,1000,0.01, 1.30594924  1.2466042   0.83237889  1.39907918  0.08908615,0.974619532
100,1000,0.01, 1.22612389  0.93753365  1.51429769  1.22486272  0.06559849,0.993683288
10,1000,0.001, 0.78842595  0.51798728  1.64035826  0.76080667  1.31073853,1.003663338
10,1000,0.001, 0.84619384  1.43421254  0.3074736   0.96759995  1.47960258,1.0070165020000001
100,1000,0.01, 1.00217936  1.69194243  1.3794588   1.05383008  0.08085405,1.0416529440000002
100,1000,0.02, 0.77826038  1.43252281  1.87776275  1.07105629  0.09659175,1.0512387959999998
100,1000,0.01, 1.22600867  1.09500369  1.40754922  1.44792603  0.13207994,1.0617135100000001
20,10000,0.2, 1.33014671  1.33700391  1.31596951  1.32952702  0.07053856,1.076637142
100,1000,0.01, 1.09222499  1.23526366  1.70436233  1.43640327  0.08952989,1.1115568279999999
100,1000,0.01," 1.41853106,1.45222314,1.43960989,1.2897314, 0.09715354",1.139449806
100,1000,0.01, 1.52780744  1.13792928  1.49374605  1.62966407  0.08717887,1.1752651420000002
10,10000,0.0001, 1.31244891  0.48850195  1.67811818  0.78780932  1.62877175,1.179130022
120,1000,0.01, 1.50038068  1.41337663  1.79154725  1.13579419  0.06486289,1.181192328
100,1000,0.01, 1.52894107  1.38966666  1.60064058  1.51692359  0.07037736,1.221309852
10,100,0.01, 0.3319201   1.72441241  1.07385062  1.63822078  1.45902411,1.245485604
150,1000,0.021, 1.50394118  1.24246884  1.73413824  1.81992319  0.09963404,1.280021098
95,1000,0.021, 0.99415368  1.05599705  0.45147462  0.22752011  3.6929716 ,1.284423412
10,100,0.01, 1.0803045   1.32344193  0.78612417  1.52825365  1.76698639,1.297022128
100,1000,0.01, 1.23161512  2.17875263  1.51413234  1.56320538  0.08284307,1.314109708
15,1000,0.21, 1.59690921  1.56763969  1.57653626  1.5626027   0.27878922,1.316495416
150,1000,0.021, 1.97428707  1.90200099  1.43242118  1.15895826  0.11900749,1.3173349979999998
4,100,0.08, 1.32512451  1.3395852   1.32118774  1.35132274  1.26233439,1.319910916
15,1000,0.001, 1.93524691  0.44949446  1.21765291  1.6451272   1.35444677,1.32039365
8,1000,0.001, 1.59480494  0.60132887  1.27404614  1.36711237  1.87226421,1.341911306
10,1000,0.001, 0.9383139   1.19268771  1.3784028   1.65963707  1.8482875 ,1.403465796
10,1000,0.001, 1.50042002  0.65147816  1.38845633  1.54309786  2.01871647,1.420433768
10,1000,0.001, 0.99321124  1.59350699  1.89333407  1.30960495  1.38997374,1.4359261980000002
12,50,0.02, 1.26300051  1.30042741  1.10549357  1.69995017  1.8612771 ,1.4460297519999998
10,1600,0.001, 0.78559244  1.57558243  1.76745715  1.65335876  1.62337398,1.481072952
10,150,0.2, 1.69086339  1.70335942  1.70288849  1.75190192  0.86790925,1.543384494
10,100,0.01, 1.29106752  2.56911692  1.84898137  0.59917507  1.67926079,1.597520334
50,1000,0.0001, 1.29164449  4.2369421   0.56945551  0.96760557  1.65221916,1.7435733660000001
120,1000,0.02," 2.30147959,1.43092338,2.21263033,2.85674898,0.09465731",1.7792879180000003
10,100,0.01, 2.6492119   1.72012264  2.23050776  1.74291485  0.69867998,1.8082874260000001
5,1000,0.001, 3.49138594  1.00772818  1.71991442  1.50035753  1.38118932,1.8201150780000002
150,1000,0.02," 2.94522239,1.56424942,2.7732394, 1.93838219,0.11399392",1.8670174640000003
50,100,0.02, 2.06327062  2.34528927  2.41011655  2.48563007  0.40034371,1.940930044
150,1000,0.0001, 38.30025248   0.51888805  14.89723304   1.09315676   0.9403603 ,11.149978126
100,10000,0.0001, 29.56096477   0.23690303  30.24517422   0.26960431   0.43335845,12.149200956
150,1000,0.001, 38.32585803   0.13375054  30.20668888   0.16492441   1.19264977,14.004774326
150,1000,0.05," 29.58124884,29.04280465, 4.42123818, 4.38130461, 3.72980016",14.231279288
210,1000,0.004, 38.33382885   2.39352534   2.52888394  29.68051218   0.08487904,14.604325870000002
5,0,0.01, 24.12227424   6.40606607   8.68839941  11.96531076  22.29538364,14.695486824
200,1000,0.001, 38.32345857  39.05505006   0.16254598   0.12388838   0.14563802,15.562116202000002
100,1000,0.001, 38.33411609  38.99462925   0.07772629   0.19629348   0.29819553,15.580192128000002
300,1001,0.02, 38.33498905   6.54253423   6.79048427  29.67909844   3.73028629,17.015478456
100,10,0.02, 25.27930899  19.94905279  11.51185134  26.42670017   3.73019367,17.379421392
10,0,0.0, 30.05756411   3.1785441   21.3790072   13.55441936  19.14642184,17.463191322
80,10,0.024, 17.75602464  15.36854509  30.17573423  28.21587789   0.46441807,18.396119984
1600,1000,1E-05, 29.58125008   3.4858713   25.09671881  29.67826489   5.10004493,18.588430002000003
150,1000,0.04, 29.58124868  29.04273691  30.24620703   5.67945088   3.72874702,19.655678104000003
50,0,0.01, 32.80156482  11.76014362  17.79833082  34.70536735   1.25474778,19.664030878000002
20,50,0.2, 2.1754195   2.72467325  1.91078861  2.7242945   0.65219571,2.037474314
10,1000,0.4, 2.57163971  2.6759568   2.46755259  2.56825929  0.29961896,2.11660547
150,1000,0.01, 2.40555156  2.84363083  2.84996554  2.69599771  0.07782347,2.174593822
150,1000,0.01, 3.20765068  2.08131924  2.9462949   2.59608419  0.14934746,2.196139294
7,1000,0.001, 1.53526988  3.13091088  1.77741598  3.13533534  1.71771628,2.259329672
150,1000,0.01, 2.53969286  2.18513849  3.15861354  3.40131108  0.08321296,2.273593786
40,1000,0.0001, 2.64677204  0.92303102  3.62268298  2.82477514  2.00187057,2.40382635
150,1000,0.01, 3.05653421  2.74164227  2.94757604  3.40869632  0.05937912,2.4427655919999998
150,1000,0.008484, 3.06079618  3.04407041  3.6712015   2.90177453  0.06149574,2.5478676719999998
150,1000,0.0101," 2.94769588,2.87782918,2.76950069,2.91966422,1.50081872",2.6031017380000003
150,1000,0.01, 3.12104328  3.61313041  3.98045384  3.26175025  0.08097305,2.8114701660000003
50,0,0.01, 34.50644015  27.16983031  28.30893768  14.23175366   2.13390559,21.270173477999997
250,1000,0.02, 29.57997216  39.05480733   5.37344881  29.68042076   3.73029243,21.483788298
50,0,0.01, 31.95833605  19.89245439  22.57303752  31.03908625   3.71302727,21.835188296
1000,1000,0.001, 38.33501107  39.05438224   3.76044274  29.68088693   0.08831681,22.183807958
60,0,0.0, 29.46205899  12.37318878   1.29226868  36.71881085  31.42275222,22.253815904
80,0,0.041, 14.13524947  22.73847206  37.4339516   35.33326807   3.72661531,22.673511302
100,1000,0.05, 38.3344769   29.04264278   4.51676556  38.25238878   3.73028981,22.775312766
650,1000,0.01, 38.32037588  29.0427408   37.52671496   7.59938015   3.72980303,23.243802964000004
10,100,1.0, 29.57132735  26.16711054  30.23546031  29.67889095   3.72944432,23.876446694000002
10,0,0.0, 10.53740117   8.89948022  37.05639226  37.39709539  28.33089813,24.444253434
150,1000,0.21, 29.58125034  29.04280487  30.24621792  29.68093742   3.73029249,24.456300608
15,0,0.01, 27.79191501  38.6079599   29.25420956   9.53596438  21.73637925,25.385285619999998
10,10,0.4, 38.23684965  28.74371224  30.23806327  29.62894574   2.06428636,25.782371452
15010,10,0.0001," 29.58125034,29.01397943,37.52689877,29.68005552, 3.74649714",25.90973624
80,100,0.08, 29.58125025  29.04277577  37.52687922  29.68085979   3.72945313,25.912243632000003
70,1000,0.0804, 29.58121835  29.04279329  37.5268894   29.68090397   3.72993288,25.912347578000002
150,1000,0.213501, 29.58125034  29.04280484  37.52689877  29.68093742   3.73029249,25.912436772
600,100,0.015, 29.57519013  29.04280486  30.24621781  38.25455857   3.73028833,26.16981194
1000,100,0.01," 38.33500415,29.04280487,30.24621755,29.68087682, 3.73014872",26.207010421999996
40,1000,0.201, 38.33500583  29.0428024   30.24621792  29.68093741   3.73029249,26.207051209999996
1000,100,0.05, 29.58125024  39.05530487  30.24621792  29.68093742   3.12450077,26.337642244
800,100,0.05," 29.58125029,39.05529925,30.24621792,29.68093742, 3.73029249",26.458799474
10,10,10.0, 29.58125034  39.05530487  30.24621792  29.68093689   3.73029249,26.458800502000003
10,10,10.0, 29.58125034  39.05530487  30.24621792  29.68093742   3.73029249,26.458800608
25,100,2.0, 29.58125034  39.05530487  30.24621792  29.68093742   3.73029249,26.458800608
100,1,1.0," 29.58125034,39.05530488,30.24621792,29.68093742, 3.73029249",26.458800610000004
50,0,0.0, 37.5605483   16.50999066  34.85124523   5.93433874  42.74550616,27.520325818000003
68,1000,0.2045, 38.33501162  29.04280477  37.52689877  29.68092009   3.73029249,27.663185548
10,10,10.0, 38.33501162  29.04280487  37.52689877  29.68093742   3.73029249,27.663189034000006
30,50,2.0, 38.33501162  29.04280487  37.52689877  29.68093742   3.73029249,27.663189034000006
100,100,0.11," 38.33501162,39.05390818,30.24621,, 29.68093723, 3.73029239",28.209271883999996
120,10000,0.0001, 29.48563865  39.05445457  37.46271491  38.24474402   0.22076988,28.893664406
150,1000,0.01, 3.47367543  3.43751946  3.04814444  2.59013455  3.71299506,3.252493788
4,1000,0.5, 3.92685381  3.95839686  3.90431437  3.9501676   1.14059121,3.37606477
12,10000,0.5, 4.11238138  4.1982082   3.84454484  4.02010895  0.89579564,3.414207802
10,100,0.002, 5.56646961  6.0437768   1.96997171  2.17317397  1.52772143,3.4562227040000004
2,10,0.1, 5.54940714  3.42199164  4.52608463  4.28942745  1.87998474,3.93337912
1,1000,0.01, 4.71063747  4.72265406  4.71823927  4.72911923  1.04900097,3.9859302
90,0,0.05, 22.26552234   0.68032598  36.61066715  19.66274666  77.5056395 ,31.344980325999995
60,1000,0.0, 11.9705857   28.53990871  36.13683977  11.44749758  81.16959152,33.852884656
40,0,0.05," 12.39985322,20.23542267,23.00245841,30.34027482,86.22948469",34.441498762
40,0,0.0, 34.09332748  28.64286199  24.47515355  29.62111883  59.43950662,35.254393694
80,0,0.01, 34.28644298  37.78372418  26.69907222  23.3058209   64.82805986,37.380624028
600,1000,0.01," 29.58115364,23.73197579,18.54772269,29.68093728,87.63434932",37.835227743999994
1000,1000,0.01, 29.58124211  29.04280323  12.72430709  38.25366035  87.63168476,39.44673950799999
1,100,0.01, 4.78438715  4.79515924  4.79793487  4.80516481  1.7017955 ,4.176888314
10,1000,0.4, 5.28238978  5.04271914  5.16125162  5.10945577  0.62603053,4.244369368
100,100,0.01, 6.72821521  4.93408596  4.00668836  2.79144491  3.72157437,4.436401762
60,0,0.01, 22.88374083  39.00941477  37.47169685  37.20433469  71.02678224,41.519193875999996
120,10,21.0,29.58125034  29.04280487  30.24621792  38.2545586   87.63434932,42.951836209999996
10,0,0.01, 8.23040434  4.7069901   4.72551225  8.3855682   1.54945745,5.519586468
75,1000,0.01, 29.58020701   0.60580822   0.79729823   0.89719257   0.05748549,6.387598304
150,10000,0.001, 38.33215856   0.07848359   0.07969765   0.08334456   0.09242875,7.733222622000001
500,1000,0.001, 38.33278986   0.26155237   0.11980341   0.27679055   0.16500479,7.831188195999999
100,1000,0.001, 38.33467762   0.15990934   0.13231774   0.33256224   0.37102445,7.866098278
30,1000,0.05," 0.47347959,0.49599131,0.41788061,0.46169625,0.10327952",0.390465456
20,1000,0.05," 0.26624082,0.30245246,0.28583597,0.28256115,0.04729746",0.23687757199999998
20,1000,0.02," 0.0956172, 0.08828694,0.09112805,0.09826964,0.09081092",0.09282255
20,1000,0.04," 0.22243455,0.20400982,0.23420718,0.22123991,0.06734722",0.189847736
20,1000,0.04, 0.2075174   0.24713641  0.23271216  0.25305571  0.06133653,0.200351642
20,100000,0.008," 0.05420627,0.05512152,0.05505904,0.05573859,0.03320164",0.050665412
30,1000,0.04," 0.25429866,0.3720528, 0.35058119,0.37443495,0.09337223",0.28894796599999995
20,1000,0.04," 0.22848455,0.16269626,0.19763958,0.22226483,0.07816473",0.17784999
20,1000,0.06," 0.35436622,0.37745282,0.35715471,0.32837019,0.06146446",0.29576168
14,1000,0.04," 0.23901363,0.24230143,0.24421457,0.24335439,0.09047782",0.211872368
10,1000,0.06," 0.31961655,0.3349904, 0.31233963,0.34772125,0.05335912",0.27360539
30,1000,0.05," 0.33265059,0.33000965,0.36875264,0.32037821,0.08564127",0.287486472
20,1000,0.01," 0.10722639,0.0924994, 0.10563674,0.10339487,0.37915663",0.15758280600000002
210,1000,0.01," 29.57780271, 4.09588117, 4.20291398, 5.24166396, 0.06162329",8.635977022
10,1000,0.04," 0.24593246,0.22579492,0.24403909,0.22640121,0.0801221 ",0.20445795600000002
30,140,1000.0," nan,nan,nan,nan,nan",nan
20,100,0.04," 0.32939036,0.45068811,0.24005768,0.23135958,0.42017206",0.334333558
10,1000,0.01," 0.1337525, 0.1163326, 0.11492817,0.12475593,1.23354834",0.344663508
40,1000,0.005," 0.11584822,0.10125839,0.0918171, 0.11647316,0.1482258 ",0.114724534
20,1000,0.04," 0.23425354,0.22301061,0.21124548,0.21591065,0.06150316",0.189184688
10,10000,0.04," 0.2172015, 0.21518956,0.21620175,0.21926655,0.05715564",0.18500299999999997
10,1000,0.04," 0.25302211,0.25310614,0.2747009, 0.29604104,0.07660324",0.230694686
20,1000,0.04," 0.27905469,0.2771694, 0.28190245,0.30690422,0.06780245",0.24256664200000003
15,1000,0.01," 0.13881409,0.10374282,0.1177542, 0.15617923,0.26283272",0.155864612
30,1000,0.04," 0.27771247,0.28471568,0.31350123,0.30829792,0.07151579",0.25114861800000005
20,5000,0.04," 0.20985531,0.19847318,0.20298798,0.21376438,0.05913481",0.176843132
30,1000,0.02," 0.11317406,0.09635233,0.17747448,0.11169037,0.06500173",0.112738594
50,1000,0.01," 0.09133627,0.08198611,0.0930399, 0.08614202,0.0800905 ",0.08651896
20,1000,0.01," 0.08405314,0.10805847,0.10911842,0.11350012,0.08589533",0.100125096
30,1000,0.05," 0.31893563,0.31509703,0.33277596,0.41229674,0.07115552",0.290052176
300,1000,0.05," 29.58125034,39.05527747,37.52689876,38.25455841, 3.73029249",29.62965549400001
20,1000,0.04," 0.20309287,0.2107441, 0.21808841,0.27277764,0.06446676",0.19383395599999997
150,10000,0.003," 0.09511677,0.06506298,0.08833212,0.06927235,0.05208192",0.073973228
30,1000,0.05," 0.33322751,0.37996437,0.34172885,0.32564719,0.07645589",0.29140476200000004
300,1000,0.002," 0.35616914,0.76968078,0.75183039,0.72650344,0.08472581",0.537781912
20,1000,0.052," 0.28638292,0.29746341,0.26359014,0.28935144,0.05330227",0.238018036
30,1000,0.02," 0.08399161,0.10521231,0.09330107,0.09617898,0.07198063",0.09013291999999999
30,10000,0.02," 0.0892715, 0.08243743,0.09934424,0.08829472,0.04841054",0.081551686
20,1000,0.02," 0.08589925,0.09811852,0.12200778,0.11883594,0.06422527",0.097817352
20,1000,0.05," 0.25847381,0.24629628,0.22580592,0.25302046,0.07147317",0.21101392800000002
30,1000,0.02," 0.11664248,0.08566222,0.1001802, 0.08596036,0.06641188",0.090971428
25,10000,0.02," 0.09888228,0.09586205,0.09698544,0.10653775,0.04337617",0.08832873799999999
15,100,0.02," 0.37986415,0.35199613,0.63989684,0.25518064,1.20689872",0.5667672960000001
150,60,80.0," nan,nan,nan,nan,nan",nan
125,1000,0.02," 2.88069363,2.04517988,1.93390075,2.19396643,3.65997222",2.5427425820000003
120,1000,0.02," 0.74555749,0.76313715,1.23302605,0.74449108,0.11133757",0.719509868
25,10,0.02," 0.42108191,2.12500645,4.08163412,2.28503907,0.58565468",1.8996832459999997
25,100,0.02," 0.12052423,0.15983865,0.10939977,0.1333555, 0.8705564 ",0.27873491
30,25,0.02," 4.35301418,3.04887261,1.91143475,3.02020491,0.7175706 ",2.61021941
25,1000,0.01," 0.1246246, 0.09602479,0.13391729,0.10345652,0.13020635",0.11764590999999999
25,1000,0.01," 0.12282151,0.09591437,0.10275054,0.10041387,0.09547353",0.103474764
20,1000,0.01," 0.10575602,0.10697038,0.13024589,0.10875741,0.27001925",0.14434979
21,1000,0.01," 0.11290311,0.11139693,0.10424602,0.11951674,0.14196483",0.118005526
10,100,0.02," 0.63062605,0.5404577, 0.59431223,0.78704705,1.63405974",0.8373005540000001
10,100,0.01," 1.59918226,0.72606768,0.69855983,0.69371741,1.67915062",1.07933556
20,1000,0.01," 0.11535966,0.13060184,0.10890029,0.13736292,0.35023757",0.168492456
100,10000,0.001," 0.06665654,0.06860831,0.07814628,0.09277042,0.06689612",0.07461553400000001
40,1000,0.005," 0.1033454, 0.10319843,0.1159526, 0.11862372,0.11717578",0.111659186
100,1000,0.05," 29.58122819,29.04274789,37.52671794,29.68073471, 3.73021679",25.912329104
100,1000,0.005," 0.12957571,0.07977582,0.09561608,0.09693495,0.07250804",0.09488212
10,1000,0.006," 0.1811617, 0.12357842,0.17615376,0.22119057,0.66269148",0.272955186
10,100,0.05," 0.16671006,0.21640736,0.18043062,0.22132361,1.1051504 ",0.37800441000000007
250,60,800.0," nan,nan,nan,nan,nan",nan
150,1000,0.06," 29.58124903,29.04278969,30.24621792,29.68093691, 3.73029242",24.456297194
10,100,0.006," 2.88985344,0.93007205,2.06791246,1.69365577,2.02373799",1.9210463419999997
150,1000,0.006," 1.72963435,1.79644217,2.15536469,1.96787122,0.09522583",1.548907652
100,1000,0.004," 0.12057409,0.08136429,0.08287213,0.09023729,0.07260546",0.08953065200000002
150,1000,0.008," 2.66531613,2.69214441,2.95643533,3.49238363,0.09120032",2.3794959639999997
30,1000,0.001," 0.39147319,0.31471796,0.28032205,0.44751283,0.92670045",0.47214529600000005
20,1000,0.006," 0.13428992,0.11710058,0.14078363,0.12478031,0.36884973",0.177160834
14,1000,0.06," 0.31567305,0.31375247,0.32019581,0.37716835,0.07247892",0.27985372000000003
20,1000,0.0101," 0.12280579,0.12527531,0.09761134,0.1135557, 0.17642378",0.127134384
24,1000,0.1," 276.58853221, 28.56930052, 29.75171786, 29.21055665, 87.24229398",90.272480244
150,10000,0.003," 27.99204549,27.20506619,28.34435805,26.53045212,84.2142197 ",38.857228309999996
100,10000,0.0001," 0.17440968,0.1737712, 0.35758708,0.20812774,0.22580645",0.22794043
15,1000,0.001," 0.74687299,1.02514751,0.57220741,0.3827985, 1.2362127 ",0.792647822
150,1000,0.002," 0.08940461,0.13505937,0.08720289,0.20009624,0.12022671",0.126397964
